# Where the third-party source in the Linux payload comes from, and what pins it.
#
# One row per upstream artifact a build fetches. Everything else in the payload is compiled from
# the OpenUSD tree at the pinned commit, including the four libraries OpenUSD vendors in
# (pxr/base/tf/pxrCLI11, pxrDoubleConversion, pxrLZ4, pxrTslRobinMap), so those need no row of
# their own. Verified by Native~/verify_upstream_sources.py; see its docstring for what a pin
# does and does not establish.
#
# Tab-separated: component, version, artifact, url, sha256, git_commit, upstream_evidence, recorded
# A sha256 of "-" means the row pins a revision rather than a file.
OpenUSD	26.05	git-clone	https://github.com/PixarAnimationStudios/OpenUSD.git	-	2095fafafd033fa23386d7ec6d58c7cc33974518	none published: v26.05 is a lightweight tag and commit 2095faf is unsigned	2026-09-25
oneTBB	2020.3.1	github-archive	https://github.com/oneapi-src/oneTBB/archive/refs/tags/v2020.3.1.zip	a531e35dd0ee864cec11125a30cf41042f3a95c4cd4a8821e9bd545dc8d69320	617e9a711b713de9f33c2be1323cc5cebff0e850	none published: the v2020.3.1 release carries no checksum; digest observed 2026-09-25	2026-09-25
