# Where the third-party source in the macOS payload comes from, and what pins it.
#
# One row per upstream artifact a build fetches. Everything else in the payload is compiled from
# the OpenUSD tree at the pinned commit, including the four libraries OpenUSD vendors in
# (pxr/base/tf/pxrCLI11, pxrDoubleConversion, pxrLZ4, pxrTslRobinMap), so those need no row of
# their own. Verified by Native~/verify_upstream_sources.py; see its docstring for what a pin
# does and does not establish.
#
# Tab-separated: component, version, artifact, url, sha256, git_commit, upstream_evidence, recorded
# A sha256 of "-" means the row pins a revision rather than a file.
OpenUSD	26.05	git-clone	https://github.com/PixarAnimationStudios/OpenUSD.git	-	2095fafafd033fa23386d7ec6d58c7cc33974518	none published: v26.05 is a lightweight tag and commit 2095faf is unsigned	2026-09-25
oneTBB	2020.3	github-archive	https://github.com/oneapi-src/oneTBB/archive/refs/tags/v2020.3.zip	208a6b413cb6e6133c51493b8257a7cffadeb40ced0c3e29b07748ad838e0dd9	eca91f16d7490a8abfdee652dadf457ec820cc37	none published: the v2020.3 release carries no checksum; digest observed 2026-09-25	2026-09-25
