# Where the third-party source in the Windows payload comes from, and what pins it.
#
# One row per upstream artifact a build fetches. Everything else in the payload is compiled from
# the OpenUSD tree at the pinned commit, including the four libraries OpenUSD vendors in
# (pxr/base/tf/pxrCLI11, pxrDoubleConversion, pxrLZ4, pxrTslRobinMap), so those need no row of
# their own. Verified by Native~/verify_upstream_sources.py; see its docstring for what a pin
# does and does not establish.
#
# Tab-separated: component, version, artifact, url, sha256, git_commit, upstream_evidence, recorded
# A sha256 of "-" means the row pins a revision rather than a file.
OpenUSD	26.05	git-clone	https://github.com/PixarAnimationStudios/OpenUSD.git	-	2095fafafd033fa23386d7ec6d58c7cc33974518	none published: v26.05 is a lightweight tag and commit 2095faf is unsigned	2026-09-25
oneTBB	2020.3	release-asset	https://github.com/oneapi-src/oneTBB/releases/download/v2020.3/tbb-2020.3-win.zip	cda37eed5209746a79c88a658f8c1bf3782f58bd9f9f6ba0da3a16624a9bfaa1	eca91f16d7490a8abfdee652dadf457ec820cc37	Authenticode (Intel Corporation) on the DLLs inside; the shipped tbb_usdrt.dll is byte-identical to tbb/bin/intel64/vc14/tbb.dll in this archive, renamed only	2026-09-25
